{
    "Статистика по просмотрам": {
        "Сумма": 2966681,
        "Среднее": 52047.0350877193,
        "Минимум": 138,
        "Максимум": 97434,
        "Стандартное отклонение": 30507.547910291756
    },
    "Частота парковки": {
        "Просмотры: 15448": 1,
        "Просмотры: 21677": 1,
        "Просмотры: 57934": 1,
        "Просмотры: 58527": 1,
        "Просмотры: 49784": 1,
        "Просмотры: 21231": 1,
        "Просмотры: 92248": 1,
        "Просмотры: 83412": 1,
        "Просмотры: 2559": 1,
        "Просмотры: 93279": 1,
        "Просмотры: 75599": 1,
        "Просмотры: 6762": 1,
        "Просмотры: 64375": 1,
        "Просмотры: 80853": 1,
        "Просмотры: 91323": 1,
        "Просмотры: 97024": 1,
        "Просмотры: 79249": 1,
        "Просмотры: 26344": 1,
        "Просмотры: 38733": 1,
        "Просмотры: 21645": 1,
        "Просмотры: 12740": 1,
        "Просмотры: 8053": 1,
        "Просмотры: 44312": 1,
        "Просмотры: 88676": 1,
        "Просмотры: 27322": 1,
        "Просмотры: 11216": 1,
        "Просмотры: 44604": 1,
        "Просмотры: 9695": 1,
        "Просмотры: 52662": 1,
        "Просмотры: 89386": 1,
        "Просмотры: 90878": 1,
        "Просмотры: 37185": 1,
        "Просмотры: 64341": 1,
        "Просмотры: 24942": 1,
        "Просмотры: 71000": 1,
        "Просмотры: 94974": 1,
        "Просмотры: 50048": 1,
        "Просмотры: 70720": 1,
        "Просмотры: 97434": 1,
        "Просмотры: 11442": 1,
        "Просмотры: 79573": 1,
        "Просмотры: 54645": 1,
        "Просмотры: 60129": 1,
        "Просмотры: 5575": 1,
        "Просмотры: 14410": 1,
        "Просмотры: 138": 1,
        "Просмотры: 21599": 1,
        "Просмотры: 90521": 1,
        "Просмотры: 70104": 1,
        "Просмотры: 50506": 1,
        "Просмотры: 47438": 1,
        "Просмотры: 71415": 1,
        "Просмотры: 94106": 1,
        "Просмотры: 64810": 1,
        "Просмотры: 29504": 1,
        "Просмотры: 60699": 1,
        "Просмотры: 71873": 1
    }
}