{
    "sum": 11027644,
    "avr": 320.5896854468283,
    "sumMD": 45845,
    "avrMD": 311.8707482993197,
    "sumSD": 45660,
    "avrSD": 310.61224489795916,
    "max": 597,
    "min": 45
}